ts_utc,url,status_code,ok,note
2026-02-16T15:17:12.044738+00:00,https://projects.propublica.org/nonprofits/api/v2/search.json?page=0&state%5Bid%5D=PA&c_code%5Bid%5D=3,200,True,search_page
2026-02-16T15:17:12.446348+00:00,https://projects.propublica.org/nonprofits/api/v2/search.json?page=1&state%5Bid%5D=PA&c_code%5Bid%5D=3,200,True,search_page
2026-02-16T15:17:12.787690+00:00,https://projects.propublica.org/nonprofits/api/v2/search.json?page=2&state%5Bid%5D=PA&c_code%5Bid%5D=3,200,True,search_page
2026-02-16T15:17:13.123445+00:00,https://projects.propublica.org/nonprofits/api/v2/search.json?page=3&state%5Bid%5D=PA&c_code%5Bid%5D=3,200,True,search_page
2026-02-16T15:17:13.457491+00:00,https://projects.propublica.org/nonprofits/api/v2/search.json?page=4&state%5Bid%5D=PA&c_code%5Bid%5D=3,200,True,search_page
2026-02-16T15:17:13.789288+00:00,https://projects.propublica.org/nonprofits/api/v2/search.json?page=5&state%5Bid%5D=PA&c_code%5Bid%5D=3,200,True,search_page
2026-02-16T15:17:14.037318+00:00,https://projects.propublica.org/nonprofits/api/v2/search.json?page=6&state%5Bid%5D=PA&c_code%5Bid%5D=3,200,True,search_page
2026-02-16T15:17:14.304516+00:00,https://projects.propublica.org/nonprofits/api/v2/search.json?page=7&state%5Bid%5D=PA&c_code%5Bid%5D=3,200,True,search_page
2026-02-16T15:17:14.646431+00:00,https://projects.propublica.org/nonprofits/api/v2/search.json?page=8&state%5Bid%5D=PA&c_code%5Bid%5D=3,200,True,search_page
2026-02-16T15:17:15.025079+00:00,https://projects.propublica.org/nonprofits/api/v2/search.json?page=9&state%5Bid%5D=PA&c_code%5Bid%5D=3,200,True,search_page
2026-02-16T15:17:15.445822+00:00,https://projects.propublica.org/nonprofits/api/v2/search.json?page=10&state%5Bid%5D=PA&c_code%5Bid%5D=3,200,True,search_page
2026-02-16T15:17:15.922164+00:00,https://projects.propublica.org/nonprofits/api/v2/search.json?page=11&state%5Bid%5D=PA&c_code%5Bid%5D=3,200,True,search_page
2026-02-16T15:17:16.159267+00:00,https://projects.propublica.org/nonprofits/api/v2/search.json?page=12&state%5Bid%5D=PA&c_code%5Bid%5D=3,200,True,search_page
2026-02-16T15:17:16.592181+00:00,https://projects.propublica.org/nonprofits/api/v2/search.json?page=13&state%5Bid%5D=PA&c_code%5Bid%5D=3,200,True,search_page
2026-02-16T15:17:16.923906+00:00,https://projects.propublica.org/nonprofits/api/v2/search.json?page=14&state%5Bid%5D=PA&c_code%5Bid%5D=3,200,True,search_page
2026-02-16T15:17:17.273706+00:00,https://projects.propublica.org/nonprofits/api/v2/search.json?page=15&state%5Bid%5D=PA&c_code%5Bid%5D=3,200,True,search_page
2026-02-16T15:17:17.700828+00:00,https://projects.propublica.org/nonprofits/api/v2/search.json?page=16&state%5Bid%5D=PA&c_code%5Bid%5D=3,200,True,search_page
2026-02-16T15:17:18.088698+00:00,https://projects.propublica.org/nonprofits/api/v2/search.json?page=17&state%5Bid%5D=PA&c_code%5Bid%5D=3,200,True,search_page
2026-02-16T15:17:18.497779+00:00,https://projects.propublica.org/nonprofits/api/v2/search.json?page=18&state%5Bid%5D=PA&c_code%5Bid%5D=3,200,True,search_page
2026-02-16T15:17:18.852397+00:00,https://projects.propublica.org/nonprofits/api/v2/search.json?page=19&state%5Bid%5D=PA&c_code%5Bid%5D=3,200,True,search_page
2026-02-16T15:17:19.073317+00:00,https://projects.propublica.org/nonprofits/api/v2/search.json?page=20&state%5Bid%5D=PA&c_code%5Bid%5D=3,200,True,search_page
2026-02-16T15:17:19.449075+00:00,https://projects.propublica.org/nonprofits/api/v2/search.json?page=21&state%5Bid%5D=PA&c_code%5Bid%5D=3,200,True,search_page
2026-02-16T15:17:19.676234+00:00,https://projects.propublica.org/nonprofits/api/v2/search.json?page=22&state%5Bid%5D=PA&c_code%5Bid%5D=3,200,True,search_page
2026-02-16T15:17:20.065193+00:00,https://projects.propublica.org/nonprofits/api/v2/search.json?page=23&state%5Bid%5D=PA&c_code%5Bid%5D=3,200,True,search_page
2026-02-16T15:17:20.293945+00:00,https://projects.propublica.org/nonprofits/api/v2/search.json?page=24&state%5Bid%5D=PA&c_code%5Bid%5D=3,200,True,search_page
2026-02-16T15:17:20.633728+00:00,https://projects.propublica.org/nonprofits/api/v2/search.json?page=25&state%5Bid%5D=PA&c_code%5Bid%5D=3,200,True,search_page
2026-02-16T15:17:20.852500+00:00,https://projects.propublica.org/nonprofits/api/v2/search.json?page=26&state%5Bid%5D=PA&c_code%5Bid%5D=3,200,True,search_page
2026-02-16T15:17:21.198953+00:00,https://projects.propublica.org/nonprofits/api/v2/search.json?page=27&state%5Bid%5D=PA&c_code%5Bid%5D=3,200,True,search_page
2026-02-16T15:17:21.527516+00:00,https://projects.propublica.org/nonprofits/api/v2/search.json?page=28&state%5Bid%5D=PA&c_code%5Bid%5D=3,200,True,search_page
2026-02-16T15:17:21.918030+00:00,https://projects.propublica.org/nonprofits/api/v2/search.json?page=29&state%5Bid%5D=PA&c_code%5Bid%5D=3,200,True,search_page
2026-02-16T15:17:22.245206+00:00,https://projects.propublica.org/nonprofits/api/v2/search.json?page=30&state%5Bid%5D=PA&c_code%5Bid%5D=3,200,True,search_page
2026-02-16T15:17:22.465284+00:00,https://projects.propublica.org/nonprofits/api/v2/search.json?page=31&state%5Bid%5D=PA&c_code%5Bid%5D=3,200,True,search_page
2026-02-16T15:17:22.861875+00:00,https://projects.propublica.org/nonprofits/api/v2/search.json?page=32&state%5Bid%5D=PA&c_code%5Bid%5D=3,200,True,search_page
2026-02-16T15:17:23.084590+00:00,https://projects.propublica.org/nonprofits/api/v2/search.json?page=33&state%5Bid%5D=PA&c_code%5Bid%5D=3,200,True,search_page
2026-02-16T15:17:23.441618+00:00,https://projects.propublica.org/nonprofits/api/v2/search.json?page=34&state%5Bid%5D=PA&c_code%5Bid%5D=3,200,True,search_page
2026-02-16T15:17:24.045218+00:00,https://projects.propublica.org/nonprofits/api/v2/search.json?page=35&state%5Bid%5D=PA&c_code%5Bid%5D=3,200,True,search_page
2026-02-16T15:17:24.455062+00:00,https://projects.propublica.org/nonprofits/api/v2/search.json?page=36&state%5Bid%5D=PA&c_code%5Bid%5D=3,200,True,search_page
2026-02-16T15:17:24.823174+00:00,https://projects.propublica.org/nonprofits/api/v2/search.json?page=37&state%5Bid%5D=PA&c_code%5Bid%5D=3,200,True,search_page
2026-02-16T15:17:25.049116+00:00,https://projects.propublica.org/nonprofits/api/v2/search.json?page=38&state%5Bid%5D=PA&c_code%5Bid%5D=3,200,True,search_page
2026-02-16T15:17:25.421490+00:00,https://projects.propublica.org/nonprofits/api/v2/search.json?page=39&state%5Bid%5D=PA&c_code%5Bid%5D=3,200,True,search_page
2026-02-16T15:17:25.839912+00:00,https://projects.propublica.org/nonprofits/api/v2/search.json?page=40&state%5Bid%5D=PA&c_code%5Bid%5D=3,200,True,search_page
2026-02-16T15:17:26.086351+00:00,https://projects.propublica.org/nonprofits/api/v2/search.json?page=41&state%5Bid%5D=PA&c_code%5Bid%5D=3,200,True,search_page
2026-02-16T15:17:26.357808+00:00,https://projects.propublica.org/nonprofits/api/v2/search.json?page=42&state%5Bid%5D=PA&c_code%5Bid%5D=3,200,True,search_page
2026-02-16T15:17:26.580864+00:00,https://projects.propublica.org/nonprofits/api/v2/search.json?page=43&state%5Bid%5D=PA&c_code%5Bid%5D=3,200,True,search_page
2026-02-16T15:17:26.909748+00:00,https://projects.propublica.org/nonprofits/api/v2/search.json?page=44&state%5Bid%5D=PA&c_code%5Bid%5D=3,200,True,search_page
2026-02-16T15:17:27.320400+00:00,https://projects.propublica.org/nonprofits/api/v2/search.json?page=45&state%5Bid%5D=PA&c_code%5Bid%5D=3,200,True,search_page
2026-02-16T15:17:27.728962+00:00,https://projects.propublica.org/nonprofits/api/v2/search.json?page=46&state%5Bid%5D=PA&c_code%5Bid%5D=3,200,True,search_page
2026-02-16T15:17:27.984106+00:00,https://projects.propublica.org/nonprofits/api/v2/search.json?page=47&state%5Bid%5D=PA&c_code%5Bid%5D=3,200,True,search_page
2026-02-16T15:17:28.344807+00:00,https://projects.propublica.org/nonprofits/api/v2/search.json?page=48&state%5Bid%5D=PA&c_code%5Bid%5D=3,200,True,search_page
2026-02-16T15:17:28.754092+00:00,https://projects.propublica.org/nonprofits/api/v2/search.json?page=49&state%5Bid%5D=PA&c_code%5Bid%5D=3,200,True,search_page
2026-02-16T15:19:42.357631+00:00,https://projects.propublica.org/nonprofits/api/v2/search.json?page=0&state%5Bid%5D=PA&c_code%5Bid%5D=3,200,True,search_page
2026-02-16T15:19:42.594921+00:00,https://projects.propublica.org/nonprofits/api/v2/search.json?page=1&state%5Bid%5D=PA&c_code%5Bid%5D=3,200,True,search_page
2026-02-16T15:19:42.813539+00:00,https://projects.propublica.org/nonprofits/api/v2/search.json?page=2&state%5Bid%5D=PA&c_code%5Bid%5D=3,200,True,search_page
2026-02-16T15:19:43.043997+00:00,https://projects.propublica.org/nonprofits/api/v2/search.json?page=3&state%5Bid%5D=PA&c_code%5Bid%5D=3,200,True,search_page
2026-02-16T15:19:43.258251+00:00,https://projects.propublica.org/nonprofits/api/v2/search.json?page=4&state%5Bid%5D=PA&c_code%5Bid%5D=3,200,True,search_page
2026-02-16T15:19:43.472576+00:00,https://projects.propublica.org/nonprofits/api/v2/search.json?page=5&state%5Bid%5D=PA&c_code%5Bid%5D=3,200,True,search_page
2026-02-16T15:19:43.691143+00:00,https://projects.propublica.org/nonprofits/api/v2/search.json?page=6&state%5Bid%5D=PA&c_code%5Bid%5D=3,200,True,search_page
2026-02-16T15:19:43.915204+00:00,https://projects.propublica.org/nonprofits/api/v2/search.json?page=7&state%5Bid%5D=PA&c_code%5Bid%5D=3,200,True,search_page
2026-02-16T15:19:44.127777+00:00,https://projects.propublica.org/nonprofits/api/v2/search.json?page=8&state%5Bid%5D=PA&c_code%5Bid%5D=3,200,True,search_page
2026-02-16T15:19:44.330486+00:00,https://projects.propublica.org/nonprofits/api/v2/search.json?page=9&state%5Bid%5D=PA&c_code%5Bid%5D=3,200,True,search_page
2026-02-16T15:19:44.565411+00:00,https://projects.propublica.org/nonprofits/api/v2/search.json?page=10&state%5Bid%5D=PA&c_code%5Bid%5D=3,200,True,search_page
2026-02-16T15:19:44.773971+00:00,https://projects.propublica.org/nonprofits/api/v2/search.json?page=11&state%5Bid%5D=PA&c_code%5Bid%5D=3,200,True,search_page
2026-02-16T15:19:44.986211+00:00,https://projects.propublica.org/nonprofits/api/v2/search.json?page=12&state%5Bid%5D=PA&c_code%5Bid%5D=3,200,True,search_page
2026-02-16T15:19:45.198680+00:00,https://projects.propublica.org/nonprofits/api/v2/search.json?page=13&state%5Bid%5D=PA&c_code%5Bid%5D=3,200,True,search_page
2026-02-16T15:19:45.432996+00:00,https://projects.propublica.org/nonprofits/api/v2/search.json?page=14&state%5Bid%5D=PA&c_code%5Bid%5D=3,200,True,search_page
2026-02-16T15:19:45.673969+00:00,https://projects.propublica.org/nonprofits/api/v2/search.json?page=15&state%5Bid%5D=PA&c_code%5Bid%5D=3,200,True,search_page
2026-02-16T15:19:45.892848+00:00,https://projects.propublica.org/nonprofits/api/v2/search.json?page=16&state%5Bid%5D=PA&c_code%5Bid%5D=3,200,True,search_page
2026-02-16T15:19:46.198675+00:00,https://projects.propublica.org/nonprofits/api/v2/search.json?page=17&state%5Bid%5D=PA&c_code%5Bid%5D=3,200,True,search_page
2026-02-16T15:19:46.667018+00:00,https://projects.propublica.org/nonprofits/api/v2/search.json?page=18&state%5Bid%5D=PA&c_code%5Bid%5D=3,200,True,search_page
2026-02-16T15:19:46.877289+00:00,https://projects.propublica.org/nonprofits/api/v2/search.json?page=19&state%5Bid%5D=PA&c_code%5Bid%5D=3,200,True,search_page
2026-02-16T15:19:47.244329+00:00,https://projects.propublica.org/nonprofits/api/v2/search.json?page=20&state%5Bid%5D=PA&c_code%5Bid%5D=3,200,True,search_page
2026-02-16T15:19:47.477648+00:00,https://projects.propublica.org/nonprofits/api/v2/search.json?page=21&state%5Bid%5D=PA&c_code%5Bid%5D=3,200,True,search_page
2026-02-16T15:19:47.778957+00:00,https://projects.propublica.org/nonprofits/api/v2/search.json?page=22&state%5Bid%5D=PA&c_code%5Bid%5D=3,200,True,search_page
2026-02-16T15:19:48.175436+00:00,https://projects.propublica.org/nonprofits/api/v2/search.json?page=23&state%5Bid%5D=PA&c_code%5Bid%5D=3,200,True,search_page
2026-02-16T15:19:48.404365+00:00,https://projects.propublica.org/nonprofits/api/v2/search.json?page=24&state%5Bid%5D=PA&c_code%5Bid%5D=3,200,True,search_page
2026-02-16T15:19:48.762432+00:00,https://projects.propublica.org/nonprofits/api/v2/search.json?page=25&state%5Bid%5D=PA&c_code%5Bid%5D=3,200,True,search_page
2026-02-16T15:19:48.990106+00:00,https://projects.propublica.org/nonprofits/api/v2/search.json?page=26&state%5Bid%5D=PA&c_code%5Bid%5D=3,200,True,search_page
2026-02-16T15:19:49.295328+00:00,https://projects.propublica.org/nonprofits/api/v2/search.json?page=27&state%5Bid%5D=PA&c_code%5Bid%5D=3,200,True,search_page
2026-02-16T15:19:49.527270+00:00,https://projects.propublica.org/nonprofits/api/v2/search.json?page=28&state%5Bid%5D=PA&c_code%5Bid%5D=3,200,True,search_page
2026-02-16T15:19:49.873647+00:00,https://projects.propublica.org/nonprofits/api/v2/search.json?page=29&state%5Bid%5D=PA&c_code%5Bid%5D=3,200,True,search_page
2026-02-16T15:19:50.273299+00:00,https://projects.propublica.org/nonprofits/api/v2/search.json?page=30&state%5Bid%5D=PA&c_code%5Bid%5D=3,200,True,search_page
2026-02-16T15:19:50.504611+00:00,https://projects.propublica.org/nonprofits/api/v2/search.json?page=31&state%5Bid%5D=PA&c_code%5Bid%5D=3,200,True,search_page
2026-02-16T15:19:50.849568+00:00,https://projects.propublica.org/nonprofits/api/v2/search.json?page=32&state%5Bid%5D=PA&c_code%5Bid%5D=3,200,True,search_page
2026-02-16T15:19:51.321533+00:00,https://projects.propublica.org/nonprofits/api/v2/search.json?page=33&state%5Bid%5D=PA&c_code%5Bid%5D=3,200,True,search_page
2026-02-16T15:19:51.563797+00:00,https://projects.propublica.org/nonprofits/api/v2/search.json?page=34&state%5Bid%5D=PA&c_code%5Bid%5D=3,200,True,search_page
2026-02-16T15:19:51.952965+00:00,https://projects.propublica.org/nonprofits/api/v2/search.json?page=35&state%5Bid%5D=PA&c_code%5Bid%5D=3,200,True,search_page
2026-02-16T15:19:52.369649+00:00,https://projects.propublica.org/nonprofits/api/v2/search.json?page=36&state%5Bid%5D=PA&c_code%5Bid%5D=3,200,True,search_page
2026-02-16T15:19:52.597281+00:00,https://projects.propublica.org/nonprofits/api/v2/search.json?page=37&state%5Bid%5D=PA&c_code%5Bid%5D=3,200,True,search_page
2026-02-16T15:19:52.973956+00:00,https://projects.propublica.org/nonprofits/api/v2/search.json?page=38&state%5Bid%5D=PA&c_code%5Bid%5D=3,200,True,search_page
2026-02-16T15:19:53.203310+00:00,https://projects.propublica.org/nonprofits/api/v2/search.json?page=39&state%5Bid%5D=PA&c_code%5Bid%5D=3,200,True,search_page
2026-02-16T15:19:53.481750+00:00,https://projects.propublica.org/nonprofits/api/v2/search.json?page=40&state%5Bid%5D=PA&c_code%5Bid%5D=3,200,True,search_page
2026-02-16T15:19:53.709242+00:00,https://projects.propublica.org/nonprofits/api/v2/search.json?page=41&state%5Bid%5D=PA&c_code%5Bid%5D=3,200,True,search_page
2026-02-16T15:19:53.992220+00:00,https://projects.propublica.org/nonprofits/api/v2/search.json?page=42&state%5Bid%5D=PA&c_code%5Bid%5D=3,200,True,search_page
2026-02-16T15:19:54.239491+00:00,https://projects.propublica.org/nonprofits/api/v2/search.json?page=43&state%5Bid%5D=PA&c_code%5Bid%5D=3,200,True,search_page
2026-02-16T15:19:54.521684+00:00,https://projects.propublica.org/nonprofits/api/v2/search.json?page=44&state%5Bid%5D=PA&c_code%5Bid%5D=3,200,True,search_page
2026-02-16T15:19:54.754749+00:00,https://projects.propublica.org/nonprofits/api/v2/search.json?page=45&state%5Bid%5D=PA&c_code%5Bid%5D=3,200,True,search_page
2026-02-16T15:19:55.052851+00:00,https://projects.propublica.org/nonprofits/api/v2/search.json?page=46&state%5Bid%5D=PA&c_code%5Bid%5D=3,200,True,search_page
2026-02-16T15:19:55.292400+00:00,https://projects.propublica.org/nonprofits/api/v2/search.json?page=47&state%5Bid%5D=PA&c_code%5Bid%5D=3,200,True,search_page
2026-02-16T15:19:55.620348+00:00,https://projects.propublica.org/nonprofits/api/v2/search.json?page=48&state%5Bid%5D=PA&c_code%5Bid%5D=3,200,True,search_page
2026-02-16T15:19:55.854419+00:00,https://projects.propublica.org/nonprofits/api/v2/search.json?page=49&state%5Bid%5D=PA&c_code%5Bid%5D=3,200,True,search_page
2026-02-16T15:20:18.612991+00:00,https://projects.propublica.org/nonprofits/api/v2/organizations/231914438.json,200,True,org_json
2026-02-16T15:20:18.853087+00:00,https://projects.propublica.org/nonprofits/api/v2/organizations/231681448.json,200,True,org_json
2026-02-16T15:20:19.084212+00:00,https://projects.propublica.org/nonprofits/api/v2/organizations/264265665.json,200,True,org_json
2026-02-16T15:20:19.418066+00:00,https://projects.propublica.org/nonprofits/api/v2/organizations/651308951.json,200,True,org_json
2026-02-16T15:20:19.818402+00:00,https://projects.propublica.org/nonprofits/api/v2/organizations/251335247.json,200,True,org_json
2026-02-16T15:20:20.216911+00:00,https://projects.propublica.org/nonprofits/api/v2/organizations/205138266.json,200,True,org_json
2026-02-16T15:20:20.587562+00:00,https://projects.propublica.org/nonprofits/api/v2/organizations/232215243.json,200,True,org_json
2026-02-16T15:20:20.974100+00:00,https://projects.propublica.org/nonprofits/api/v2/organizations/233001981.json,200,True,org_json
2026-02-16T15:20:21.209749+00:00,https://projects.propublica.org/nonprofits/api/v2/organizations/251191386.json,200,True,org_json
2026-02-16T15:20:21.445220+00:00,https://projects.propublica.org/nonprofits/api/v2/organizations/231389397.json,200,True,org_json
2026-02-16T15:20:21.836490+00:00,https://projects.propublica.org/nonprofits/api/v2/organizations/240795620.json,200,True,org_json
2026-02-16T15:20:22.226091+00:00,https://projects.propublica.org/nonprofits/api/v2/organizations/250965558.json,200,True,org_json
2026-02-16T15:20:22.464037+00:00,https://projects.propublica.org/nonprofits/api/v2/organizations/231649434.json,200,True,org_json
2026-02-16T15:20:22.695663+00:00,https://projects.propublica.org/nonprofits/api/v2/organizations/233330096.json,200,True,org_json
2026-02-16T15:20:23.171850+00:00,https://projects.propublica.org/nonprofits/api/v2/organizations/232784811.json,200,True,org_json
2026-02-16T15:20:23.432277+00:00,https://projects.propublica.org/nonprofits/api/v2/organizations/233045622.json,200,True,org_json
2026-02-16T15:20:23.853741+00:00,https://projects.propublica.org/nonprofits/api/v2/organizations/251213006.json,200,True,org_json
2026-02-16T15:20:24.121349+00:00,https://projects.propublica.org/nonprofits/api/v2/organizations/231401548.json,200,True,org_json
2026-02-16T15:20:24.504660+00:00,https://projects.propublica.org/nonprofits/api/v2/organizations/20534735.json,200,True,org_json
2026-02-16T15:20:24.756345+00:00,https://projects.propublica.org/nonprofits/api/v2/organizations/232152662.json,200,True,org_json
2026-02-16T15:20:25.143255+00:00,https://projects.propublica.org/nonprofits/api/v2/organizations/236568023.json,200,True,org_json
2026-02-16T15:20:25.359894+00:00,https://projects.propublica.org/nonprofits/api/v2/organizations/232434447.json,200,True,org_json
2026-02-16T15:20:25.757731+00:00,https://projects.propublica.org/nonprofits/api/v2/organizations/232833032.json,200,True,org_json
2026-02-16T15:20:26.159001+00:00,https://projects.propublica.org/nonprofits/api/v2/organizations/222691757.json,200,True,org_json
2026-02-16T15:20:26.381179+00:00,https://projects.propublica.org/nonprofits/api/v2/organizations/931616002.json,200,True,org_json
2026-02-16T15:20:26.613407+00:00,https://projects.propublica.org/nonprofits/api/v2/organizations/232689714.json,200,True,org_json
2026-02-16T15:20:26.881848+00:00,https://projects.propublica.org/nonprofits/api/v2/organizations/251405798.json,200,True,org_json
2026-02-16T15:20:27.185313+00:00,https://projects.propublica.org/nonprofits/api/v2/organizations/236272818.json,200,True,org_json
2026-02-16T15:20:27.562092+00:00,https://projects.propublica.org/nonprofits/api/v2/organizations/452612118.json,200,True,org_json
2026-02-16T15:20:27.827987+00:00,https://projects.propublica.org/nonprofits/api/v2/organizations/251469798.json,200,True,org_json
2026-02-16T15:20:28.062433+00:00,https://projects.propublica.org/nonprofits/api/v2/organizations/251346194.json,200,True,org_json
2026-02-16T15:20:28.455569+00:00,https://projects.propublica.org/nonprofits/api/v2/organizations/231687320.json,200,True,org_json
2026-02-16T15:20:28.684369+00:00,https://projects.propublica.org/nonprofits/api/v2/organizations/232326553.json,200,True,org_json
2026-02-16T15:20:28.910575+00:00,https://projects.propublica.org/nonprofits/api/v2/organizations/233086998.json,200,True,org_json
2026-02-16T15:20:29.220236+00:00,https://projects.propublica.org/nonprofits/api/v2/organizations/843864735.json,200,True,org_json
2026-02-16T15:20:29.560685+00:00,https://projects.propublica.org/nonprofits/api/v2/organizations/810903939.json,200,True,org_json
2026-02-16T15:20:29.785670+00:00,https://projects.propublica.org/nonprofits/api/v2/organizations/251271559.json,200,True,org_json
2026-02-16T15:20:30.004627+00:00,https://projects.propublica.org/nonprofits/api/v2/organizations/231573806.json,200,True,org_json
2026-02-16T15:20:30.401736+00:00,https://projects.propublica.org/nonprofits/api/v2/organizations/222602113.json,200,True,org_json
2026-02-16T15:20:30.657237+00:00,https://projects.propublica.org/nonprofits/api/v2/organizations/455472199.json,200,True,org_json
2026-02-16T15:20:31.055291+00:00,https://projects.propublica.org/nonprofits/api/v2/organizations/240795441.json,200,True,org_json
2026-02-16T15:20:31.280409+00:00,https://projects.propublica.org/nonprofits/api/v2/organizations/231352691.json,200,True,org_json
2026-02-16T15:20:31.668534+00:00,https://projects.propublica.org/nonprofits/api/v2/organizations/232935278.json,200,True,org_json
2026-02-16T15:20:32.048086+00:00,https://projects.propublica.org/nonprofits/api/v2/organizations/251201255.json,200,True,org_json
2026-02-16T15:20:32.453536+00:00,https://projects.propublica.org/nonprofits/api/v2/organizations/231585611.json,200,True,org_json
2026-02-16T15:20:32.683460+00:00,https://projects.propublica.org/nonprofits/api/v2/organizations/251790953.json,200,True,org_json
2026-02-16T15:20:33.111589+00:00,https://projects.propublica.org/nonprofits/api/v2/organizations/251577930.json,200,True,org_json
2026-02-16T15:20:33.332993+00:00,https://projects.propublica.org/nonprofits/api/v2/organizations/454793238.json,200,True,org_json
2026-02-16T15:20:33.610398+00:00,https://projects.propublica.org/nonprofits/api/v2/organizations/251430922.json,200,True,org_json
2026-02-16T15:20:34.009511+00:00,https://projects.propublica.org/nonprofits/api/v2/organizations/237104168.json,200,True,org_json
2026-02-16T15:20:34.246963+00:00,https://projects.propublica.org/nonprofits/api/v2/organizations/233011909.json,200,True,org_json
2026-02-16T15:20:34.597820+00:00,https://projects.propublica.org/nonprofits/api/v2/organizations/455446616.json,200,True,org_json
2026-02-16T15:20:34.967106+00:00,https://projects.propublica.org/nonprofits/api/v2/organizations/236050757.json,200,True,org_json
2026-02-16T15:20:35.178360+00:00,https://projects.propublica.org/nonprofits/api/v2/organizations/231500399.json,200,True,org_json
2026-02-16T15:20:35.531609+00:00,https://projects.propublica.org/nonprofits/api/v2/organizations/251752692.json,200,True,org_json
2026-02-16T15:20:35.881380+00:00,https://projects.propublica.org/nonprofits/api/v2/organizations/591005403.json,200,True,org_json
2026-02-16T15:20:36.100389+00:00,https://projects.propublica.org/nonprofits/api/v2/organizations/231624905.json,200,True,org_json
2026-02-16T15:20:36.585646+00:00,https://projects.propublica.org/nonprofits/api/v2/organizations/200874857.json,200,True,org_json
2026-02-16T15:20:36.816985+00:00,https://projects.propublica.org/nonprofits/api/v2/organizations/232462126.json,200,True,org_json
2026-02-16T15:20:37.036746+00:00,https://projects.propublica.org/nonprofits/api/v2/organizations/251191561.json,200,True,org_json
2026-02-16T15:20:37.265071+00:00,https://projects.propublica.org/nonprofits/api/v2/organizations/232250268.json,200,True,org_json
2026-02-16T15:20:37.486290+00:00,https://projects.propublica.org/nonprofits/api/v2/organizations/387254402.json,200,True,org_json
2026-02-16T15:20:37.957925+00:00,https://projects.propublica.org/nonprofits/api/v2/organizations/250974320.json,200,True,org_json
2026-02-16T15:20:38.450703+00:00,https://projects.propublica.org/nonprofits/api/v2/organizations/232706732.json,200,True,org_json
2026-02-16T15:20:38.760925+00:00,https://projects.propublica.org/nonprofits/api/v2/organizations/832134543.json,200,True,org_json
2026-02-16T15:20:38.973610+00:00,https://projects.propublica.org/nonprofits/api/v2/organizations/472207131.json,200,True,org_json
2026-02-16T15:20:39.344825+00:00,https://projects.propublica.org/nonprofits/api/v2/organizations/232067636.json,200,True,org_json
2026-02-16T15:20:39.571849+00:00,https://projects.propublica.org/nonprofits/api/v2/organizations/251209266.json,200,True,org_json
2026-02-16T15:20:39.963051+00:00,https://projects.propublica.org/nonprofits/api/v2/organizations/262386152.json,200,True,org_json
2026-02-16T15:20:40.312127+00:00,https://projects.propublica.org/nonprofits/api/v2/organizations/371437182.json,200,True,org_json
2026-02-16T15:20:40.555595+00:00,https://projects.propublica.org/nonprofits/api/v2/organizations/231352000.json,200,True,org_json
2026-02-16T15:20:41.029159+00:00,https://projects.propublica.org/nonprofits/api/v2/organizations/232262852.json,200,True,org_json
2026-02-16T15:20:41.255189+00:00,https://projects.propublica.org/nonprofits/api/v2/organizations/246013117.json,200,True,org_json
2026-02-16T15:20:41.620840+00:00,https://projects.propublica.org/nonprofits/api/v2/organizations/205880364.json,200,True,org_json
2026-02-16T15:20:41.843595+00:00,https://projects.propublica.org/nonprofits/api/v2/organizations/256002687.json,200,True,org_json
2026-02-16T15:20:42.228522+00:00,https://projects.propublica.org/nonprofits/api/v2/organizations/250996070.json,200,True,org_json
2026-02-16T15:20:42.467119+00:00,https://projects.propublica.org/nonprofits/api/v2/organizations/231352396.json,200,True,org_json
2026-02-16T15:20:42.701391+00:00,https://projects.propublica.org/nonprofits/api/v2/organizations/274516157.json,200,True,org_json
2026-02-16T15:20:43.192705+00:00,https://projects.propublica.org/nonprofits/api/v2/organizations/251197287.json,200,True,org_json
2026-02-16T15:20:43.427358+00:00,https://projects.propublica.org/nonprofits/api/v2/organizations/208512169.json,200,True,org_json
2026-02-16T15:20:43.640975+00:00,https://projects.propublica.org/nonprofits/api/v2/organizations/473884840.json,200,True,org_json
2026-02-16T15:20:43.855052+00:00,https://projects.propublica.org/nonprofits/api/v2/organizations/232007907.json,200,True,org_json
2026-02-16T15:20:44.105783+00:00,https://projects.propublica.org/nonprofits/api/v2/organizations/475257423.json,200,True,org_json
2026-02-16T15:20:44.370900+00:00,https://projects.propublica.org/nonprofits/api/v2/organizations/232769892.json,200,True,org_json
2026-02-16T15:20:44.793582+00:00,https://projects.propublica.org/nonprofits/api/v2/organizations/231714246.json,200,True,org_json
2026-02-16T15:20:45.039781+00:00,https://projects.propublica.org/nonprofits/api/v2/organizations/251017587.json,200,True,org_json
2026-02-16T15:20:45.276747+00:00,https://projects.propublica.org/nonprofits/api/v2/organizations/233022262.json,200,True,org_json
2026-02-16T15:20:45.688520+00:00,https://projects.propublica.org/nonprofits/api/v2/organizations/232978682.json,200,True,org_json
2026-02-16T15:20:46.187745+00:00,https://projects.propublica.org/nonprofits/api/v2/organizations/231353269.json,200,True,org_json
2026-02-16T15:20:46.744750+00:00,https://projects.propublica.org/nonprofits/api/v2/organizations/464021003.json,200,True,org_json
2026-02-16T15:20:47.125909+00:00,https://projects.propublica.org/nonprofits/api/v2/organizations/251832359.json,200,True,org_json
2026-02-16T15:20:47.381285+00:00,https://projects.propublica.org/nonprofits/api/v2/organizations/251821135.json,200,True,org_json
2026-02-16T15:20:47.623450+00:00,https://projects.propublica.org/nonprofits/api/v2/organizations/203597185.json,200,True,org_json
2026-02-16T15:20:47.849260+00:00,https://projects.propublica.org/nonprofits/api/v2/organizations/251624347.json,200,True,org_json
2026-02-16T15:20:48.273618+00:00,https://projects.propublica.org/nonprofits/api/v2/organizations/231629016.json,200,True,org_json
2026-02-16T15:20:48.670144+00:00,https://projects.propublica.org/nonprofits/api/v2/organizations/202764402.json,200,True,org_json
2026-02-16T15:20:49.062388+00:00,https://projects.propublica.org/nonprofits/api/v2/organizations/232051143.json,200,True,org_json
2026-02-16T15:20:49.504229+00:00,https://projects.propublica.org/nonprofits/api/v2/organizations/232311482.json,200,True,org_json
2026-02-16T15:20:49.895693+00:00,https://projects.propublica.org/nonprofits/api/v2/organizations/232310085.json,200,True,org_json
2026-02-16T15:20:50.136262+00:00,https://projects.propublica.org/nonprofits/api/v2/organizations/454330408.json,200,True,org_json
2026-02-16T15:20:50.534220+00:00,https://projects.propublica.org/nonprofits/api/v2/organizations/231466250.json,200,True,org_json
2026-02-16T15:20:50.762722+00:00,https://projects.propublica.org/nonprofits/api/v2/organizations/232365124.json,200,True,org_json
2026-02-16T15:20:50.987729+00:00,https://projects.propublica.org/nonprofits/api/v2/organizations/232023612.json,200,True,org_json
2026-02-16T15:20:51.371957+00:00,https://projects.propublica.org/nonprofits/api/v2/organizations/251782296.json,200,True,org_json
2026-02-16T15:20:51.643577+00:00,https://projects.propublica.org/nonprofits/api/v2/organizations/264573131.json,200,True,org_json
2026-02-16T15:20:52.300823+00:00,https://projects.propublica.org/nonprofits/api/v2/organizations/933872444.json,200,True,org_json
2026-02-16T15:20:52.519929+00:00,https://projects.propublica.org/nonprofits/api/v2/organizations/231365980.json,200,True,org_json
2026-02-16T15:20:52.954962+00:00,https://projects.propublica.org/nonprofits/api/v2/organizations/231887233.json,200,True,org_json
2026-02-16T15:20:53.185362+00:00,https://projects.propublica.org/nonprofits/api/v2/organizations/237176642.json,200,True,org_json
2026-02-16T15:20:53.412230+00:00,https://projects.propublica.org/nonprofits/api/v2/organizations/231856766.json,200,True,org_json
2026-02-16T15:20:53.802112+00:00,https://projects.propublica.org/nonprofits/api/v2/organizations/231429826.json,200,True,org_json
2026-02-16T15:20:54.178469+00:00,https://projects.propublica.org/nonprofits/api/v2/organizations/743038926.json,200,True,org_json
2026-02-16T15:20:54.428538+00:00,https://projects.propublica.org/nonprofits/api/v2/organizations/331120614.json,200,True,org_json
2026-02-16T15:20:54.821302+00:00,https://projects.propublica.org/nonprofits/api/v2/organizations/232824084.json,200,True,org_json
2026-02-16T15:20:55.216313+00:00,https://projects.propublica.org/nonprofits/api/v2/organizations/232132688.json,200,True,org_json
2026-02-16T15:20:55.618947+00:00,https://projects.propublica.org/nonprofits/api/v2/organizations/232160896.json,200,True,org_json
2026-02-16T15:20:55.968205+00:00,https://projects.propublica.org/nonprofits/api/v2/organizations/230604370.json,200,True,org_json
2026-02-16T15:20:56.402544+00:00,https://projects.propublica.org/nonprofits/api/v2/organizations/273106321.json,200,True,org_json
2026-02-16T15:20:56.627039+00:00,https://projects.propublica.org/nonprofits/api/v2/organizations/232699769.json,200,True,org_json
2026-02-16T15:20:57.025311+00:00,https://projects.propublica.org/nonprofits/api/v2/organizations/232627944.json,200,True,org_json
2026-02-16T15:20:57.411878+00:00,https://projects.propublica.org/nonprofits/api/v2/organizations/251187067.json,200,True,org_json
2026-02-16T15:20:57.824414+00:00,https://projects.propublica.org/nonprofits/api/v2/organizations/250965391.json,200,True,org_json
2026-02-16T15:20:58.060757+00:00,https://projects.propublica.org/nonprofits/api/v2/organizations/251358245.json,200,True,org_json
2026-02-16T15:20:58.299844+00:00,https://projects.propublica.org/nonprofits/api/v2/organizations/516020908.json,200,True,org_json
2026-02-16T15:20:58.691161+00:00,https://projects.propublica.org/nonprofits/api/v2/organizations/231352349.json,200,True,org_json
2026-02-16T15:20:58.973540+00:00,https://projects.propublica.org/nonprofits/api/v2/organizations/251884503.json,200,True,org_json
2026-02-16T15:20:59.220893+00:00,https://projects.propublica.org/nonprofits/api/v2/organizations/231645908.json,200,True,org_json
2026-02-16T15:20:59.471951+00:00,https://projects.propublica.org/nonprofits/api/v2/organizations/260125828.json,200,True,org_json
2026-02-16T15:20:59.717958+00:00,https://projects.propublica.org/nonprofits/api/v2/organizations/232840702.json,200,True,org_json
2026-02-16T15:21:00.043953+00:00,https://projects.propublica.org/nonprofits/api/v2/organizations/232946223.json,200,True,org_json
2026-02-16T15:21:00.301552+00:00,https://projects.propublica.org/nonprofits/api/v2/organizations/232720289.json,200,True,org_json
2026-02-16T15:21:00.698473+00:00,https://projects.propublica.org/nonprofits/api/v2/organizations/231890444.json,200,True,org_json
2026-02-16T15:21:01.008538+00:00,https://projects.propublica.org/nonprofits/api/v2/organizations/251202461.json,200,True,org_json
2026-02-16T15:21:01.255158+00:00,https://projects.propublica.org/nonprofits/api/v2/organizations/264634765.json,200,True,org_json
2026-02-16T15:21:01.655376+00:00,https://projects.propublica.org/nonprofits/api/v2/organizations/231472520.json,200,True,org_json
2026-02-16T15:21:01.891571+00:00,https://projects.propublica.org/nonprofits/api/v2/organizations/231490061.json,200,True,org_json
2026-02-16T15:21:02.290102+00:00,https://projects.propublica.org/nonprofits/api/v2/organizations/825423865.json,200,True,org_json
2026-02-16T15:21:02.704156+00:00,https://projects.propublica.org/nonprofits/api/v2/organizations/210634485.json,200,True,org_json
2026-02-16T15:21:03.145207+00:00,https://projects.propublica.org/nonprofits/api/v2/organizations/471052538.json,200,True,org_json
2026-02-16T15:21:03.408717+00:00,https://projects.propublica.org/nonprofits/api/v2/organizations/231518467.json,200,True,org_json
2026-02-16T15:21:03.861260+00:00,https://projects.propublica.org/nonprofits/api/v2/organizations/250967464.json,200,True,org_json
2026-02-16T15:21:04.195120+00:00,https://projects.propublica.org/nonprofits/api/v2/organizations/832882842.json,200,True,org_json
2026-02-16T15:21:04.719526+00:00,https://projects.propublica.org/nonprofits/api/v2/organizations/251858482.json,200,True,org_json
2026-02-16T15:21:05.023578+00:00,https://projects.propublica.org/nonprofits/api/v2/organizations/200251341.json,200,True,org_json
2026-02-16T15:21:05.317119+00:00,https://projects.propublica.org/nonprofits/api/v2/organizations/231352309.json,200,True,org_json
2026-02-16T15:21:05.558262+00:00,https://projects.propublica.org/nonprofits/api/v2/organizations/232215800.json,200,True,org_json
2026-02-16T15:21:05.994988+00:00,https://projects.propublica.org/nonprofits/api/v2/organizations/251494705.json,200,True,org_json
2026-02-16T15:21:06.483112+00:00,https://projects.propublica.org/nonprofits/api/v2/organizations/251249750.json,200,True,org_json
2026-02-16T15:21:06.710008+00:00,https://projects.propublica.org/nonprofits/api/v2/organizations/237118262.json,200,True,org_json
2026-02-16T15:21:07.007673+00:00,https://projects.propublica.org/nonprofits/api/v2/organizations/843049720.json,200,True,org_json
2026-02-16T15:21:07.411831+00:00,https://projects.propublica.org/nonprofits/api/v2/organizations/250969422.json,200,True,org_json
2026-02-16T15:21:07.669211+00:00,https://projects.propublica.org/nonprofits/api/v2/organizations/230973290.json,200,True,org_json
2026-02-16T15:21:08.104702+00:00,https://projects.propublica.org/nonprofits/api/v2/organizations/231611427.json,200,True,org_json
2026-02-16T15:21:08.391788+00:00,https://projects.propublica.org/nonprofits/api/v2/organizations/204861191.json,200,True,org_json
2026-02-16T15:21:08.678152+00:00,https://projects.propublica.org/nonprofits/api/v2/organizations/237825575.json,200,True,org_json
2026-02-16T15:21:09.136304+00:00,https://projects.propublica.org/nonprofits/api/v2/organizations/232016631.json,200,True,org_json
2026-02-16T15:21:09.437211+00:00,https://projects.propublica.org/nonprofits/api/v2/organizations/250984595.json,200,True,org_json
2026-02-16T15:21:09.694279+00:00,https://projects.propublica.org/nonprofits/api/v2/organizations/233065896.json,200,True,org_json
2026-02-16T15:21:09.965765+00:00,https://projects.propublica.org/nonprofits/api/v2/organizations/800757163.json,200,True,org_json
2026-02-16T15:21:10.225538+00:00,https://projects.propublica.org/nonprofits/api/v2/organizations/205958773.json,200,True,org_json
2026-02-16T15:21:10.821330+00:00,https://projects.propublica.org/nonprofits/api/v2/organizations/251637373.json,200,True,org_json
2026-02-16T15:21:11.076199+00:00,https://projects.propublica.org/nonprofits/api/v2/organizations/251418766.json,200,True,org_json
2026-02-16T15:21:11.537205+00:00,https://projects.propublica.org/nonprofits/api/v2/organizations/231401703.json,200,True,org_json
2026-02-16T15:21:11.800463+00:00,https://projects.propublica.org/nonprofits/api/v2/organizations/250773080.json,200,True,org_json
2026-02-16T15:21:12.060483+00:00,https://projects.propublica.org/nonprofits/api/v2/organizations/237289815.json,200,True,org_json
2026-02-16T15:21:12.323275+00:00,https://projects.propublica.org/nonprofits/api/v2/organizations/251441518.json,200,True,org_json
2026-02-16T15:21:12.583044+00:00,https://projects.propublica.org/nonprofits/api/v2/organizations/232523395.json,200,True,org_json
2026-02-16T15:21:13.013350+00:00,https://projects.propublica.org/nonprofits/api/v2/organizations/232010104.json,200,True,org_json
2026-02-16T15:21:13.298389+00:00,https://projects.propublica.org/nonprofits/api/v2/organizations/232324586.json,200,True,org_json
2026-02-16T15:21:13.823681+00:00,https://projects.propublica.org/nonprofits/api/v2/organizations/721562844.json,200,True,org_json
2026-02-16T15:21:14.211842+00:00,https://projects.propublica.org/nonprofits/api/v2/organizations/231667311.json,200,True,org_json
2026-02-16T15:21:14.437421+00:00,https://projects.propublica.org/nonprofits/api/v2/organizations/231668784.json,200,True,org_json
2026-02-16T15:21:14.905456+00:00,https://projects.propublica.org/nonprofits/api/v2/organizations/522173268.json,200,True,org_json
2026-02-16T15:21:15.204406+00:00,https://projects.propublica.org/nonprofits/api/v2/organizations/250969497.json,200,True,org_json
2026-02-16T15:21:15.458308+00:00,https://projects.propublica.org/nonprofits/api/v2/organizations/240795509.json,200,True,org_json
2026-02-16T15:21:15.728643+00:00,https://projects.propublica.org/nonprofits/api/v2/organizations/251320493.json,200,True,org_json
2026-02-16T15:21:15.977752+00:00,https://projects.propublica.org/nonprofits/api/v2/organizations/231496225.json,200,True,org_json
2026-02-16T15:21:16.343700+00:00,https://projects.propublica.org/nonprofits/api/v2/organizations/250987222.json,200,True,org_json
2026-02-16T15:21:16.584292+00:00,https://projects.propublica.org/nonprofits/api/v2/organizations/233040993.json,200,True,org_json
2026-02-16T15:21:16.859580+00:00,https://projects.propublica.org/nonprofits/api/v2/organizations/231396804.json,200,True,org_json
2026-02-16T15:21:17.089317+00:00,https://projects.propublica.org/nonprofits/api/v2/organizations/232052170.json,200,True,org_json
2026-02-16T15:21:17.495262+00:00,https://projects.propublica.org/nonprofits/api/v2/organizations/900912747.json,200,True,org_json
2026-02-16T15:21:17.884255+00:00,https://projects.propublica.org/nonprofits/api/v2/organizations/231937692.json,200,True,org_json
2026-02-16T15:21:18.350104+00:00,https://projects.propublica.org/nonprofits/api/v2/organizations/264376213.json,200,True,org_json
2026-02-16T15:21:18.579003+00:00,https://projects.propublica.org/nonprofits/api/v2/organizations/251842046.json,200,True,org_json
2026-02-16T15:21:18.874313+00:00,https://projects.propublica.org/nonprofits/api/v2/organizations/251665243.json,200,True,org_json
2026-02-16T15:21:19.099942+00:00,https://projects.propublica.org/nonprofits/api/v2/organizations/231352272.json,200,True,org_json
2026-02-16T15:21:19.399936+00:00,https://projects.propublica.org/nonprofits/api/v2/organizations/231858363.json,200,True,org_json
2026-02-16T15:21:19.627405+00:00,https://projects.propublica.org/nonprofits/api/v2/organizations/231352650.json,200,True,org_json
2026-02-16T15:21:20.043526+00:00,https://projects.propublica.org/nonprofits/api/v2/organizations/231679102.json,200,True,org_json
2026-02-16T15:21:20.447318+00:00,https://projects.propublica.org/nonprofits/api/v2/organizations/900406301.json,200,True,org_json
2026-02-16T15:21:20.679370+00:00,https://projects.propublica.org/nonprofits/api/v2/organizations/231352236.json,200,True,org_json
2026-02-16T15:21:21.036017+00:00,https://projects.propublica.org/nonprofits/api/v2/organizations/454720688.json,200,True,org_json
2026-02-16T15:21:21.425040+00:00,https://projects.propublica.org/nonprofits/api/v2/organizations/232280560.json,200,True,org_json
2026-02-16T15:21:21.676891+00:00,https://projects.propublica.org/nonprofits/api/v2/organizations/231352265.json,200,True,org_json
2026-02-16T15:21:21.930776+00:00,https://projects.propublica.org/nonprofits/api/v2/organizations/231365148.json,200,True,org_json
2026-02-16T15:21:22.166798+00:00,https://projects.propublica.org/nonprofits/api/v2/organizations/250986051.json,200,True,org_json
2026-02-16T15:21:22.432983+00:00,https://projects.propublica.org/nonprofits/api/v2/organizations/250967472.json,200,True,org_json
2026-02-16T15:21:22.835460+00:00,https://projects.propublica.org/nonprofits/api/v2/organizations/223317754.json,200,True,org_json
2026-02-16T15:21:23.212604+00:00,https://projects.propublica.org/nonprofits/api/v2/organizations/562626513.json,200,True,org_json
2026-02-16T15:21:23.459919+00:00,https://projects.propublica.org/nonprofits/api/v2/organizations/236299695.json,200,True,org_json
2026-02-16T15:21:23.710971+00:00,https://projects.propublica.org/nonprofits/api/v2/organizations/251729710.json,200,True,org_json
2026-02-16T15:21:24.089566+00:00,https://projects.propublica.org/nonprofits/api/v2/organizations/251292796.json,200,True,org_json
2026-02-16T15:21:24.319948+00:00,https://projects.propublica.org/nonprofits/api/v2/organizations/251701123.json,200,True,org_json
2026-02-16T15:21:24.538482+00:00,https://projects.propublica.org/nonprofits/api/v2/organizations/251302760.json,200,True,org_json
2026-02-16T15:21:24.908505+00:00,https://projects.propublica.org/nonprofits/api/v2/organizations/232097990.json,200,True,org_json
2026-02-16T15:21:25.129458+00:00,https://projects.propublica.org/nonprofits/api/v2/organizations/232909123.json,200,True,org_json
2026-02-16T15:21:25.491620+00:00,https://projects.propublica.org/nonprofits/api/v2/organizations/263535044.json,200,True,org_json
2026-02-16T15:21:25.803310+00:00,https://projects.propublica.org/nonprofits/api/v2/organizations/831383617.json,200,True,org_json
2026-02-16T15:21:26.194799+00:00,https://projects.propublica.org/nonprofits/api/v2/organizations/250753320.json,200,True,org_json
2026-02-16T15:21:26.412793+00:00,https://projects.propublica.org/nonprofits/api/v2/organizations/232920514.json,200,True,org_json
2026-02-16T15:21:26.648338+00:00,https://projects.propublica.org/nonprofits/api/v2/organizations/251053485.json,200,True,org_json
2026-02-16T15:21:26.917261+00:00,https://projects.propublica.org/nonprofits/api/v2/organizations/922204466.json,200,True,org_json
2026-02-16T15:21:27.299322+00:00,https://projects.propublica.org/nonprofits/api/v2/organizations/232773714.json,200,True,org_json
2026-02-16T15:21:27.692446+00:00,https://projects.propublica.org/nonprofits/api/v2/organizations/231869182.json,200,True,org_json
2026-02-16T15:21:27.931459+00:00,https://projects.propublica.org/nonprofits/api/v2/organizations/251215557.json,200,True,org_json
2026-02-16T15:21:28.161363+00:00,https://projects.propublica.org/nonprofits/api/v2/organizations/231314352.json,200,True,org_json
2026-02-16T15:21:28.385096+00:00,https://projects.propublica.org/nonprofits/api/v2/organizations/232887993.json,200,True,org_json
2026-02-16T15:21:28.831365+00:00,https://projects.propublica.org/nonprofits/api/v2/organizations/251453441.json,200,True,org_json
2026-02-16T15:21:29.244426+00:00,https://projects.propublica.org/nonprofits/api/v2/organizations/50546103.json,200,True,org_json
2026-02-16T15:21:29.622839+00:00,https://projects.propublica.org/nonprofits/api/v2/organizations/231352293.json,200,True,org_json
2026-02-16T15:21:29.994274+00:00,https://projects.propublica.org/nonprofits/api/v2/organizations/250984606.json,200,True,org_json
2026-02-16T15:21:30.218915+00:00,https://projects.propublica.org/nonprofits/api/v2/organizations/251556310.json,200,True,org_json
2026-02-16T15:21:30.598837+00:00,https://projects.propublica.org/nonprofits/api/v2/organizations/273795179.json,200,True,org_json
2026-02-16T15:21:30.992861+00:00,https://projects.propublica.org/nonprofits/api/v2/organizations/236000149.json,200,True,org_json
2026-02-16T15:21:31.375557+00:00,https://projects.propublica.org/nonprofits/api/v2/organizations/231629970.json,200,True,org_json
2026-02-16T15:21:31.605890+00:00,https://projects.propublica.org/nonprofits/api/v2/organizations/831838249.json,200,True,org_json
2026-02-16T15:21:31.840809+00:00,https://projects.propublica.org/nonprofits/api/v2/organizations/263090660.json,200,True,org_json
2026-02-16T15:21:32.071450+00:00,https://projects.propublica.org/nonprofits/api/v2/organizations/223548970.json,200,True,org_json
2026-02-16T15:21:32.414847+00:00,https://projects.propublica.org/nonprofits/api/v2/organizations/463243949.json,200,True,org_json
2026-02-16T15:21:32.675775+00:00,https://projects.propublica.org/nonprofits/api/v2/organizations/251839211.json,200,True,org_json
2026-02-16T15:21:33.063286+00:00,https://projects.propublica.org/nonprofits/api/v2/organizations/231686225.json,200,True,org_json
2026-02-16T15:21:33.303745+00:00,https://projects.propublica.org/nonprofits/api/v2/organizations/251898851.json,200,True,org_json
2026-02-16T15:21:33.555719+00:00,https://projects.propublica.org/nonprofits/api/v2/organizations/201331146.json,200,True,org_json
2026-02-16T15:21:33.939146+00:00,https://projects.propublica.org/nonprofits/api/v2/organizations/251094514.json,200,True,org_json
2026-02-16T15:21:34.264113+00:00,https://projects.propublica.org/nonprofits/api/v2/organizations/232018005.json,200,True,org_json
2026-02-16T15:21:34.505281+00:00,https://projects.propublica.org/nonprofits/api/v2/organizations/231522060.json,200,True,org_json
2026-02-16T15:21:34.733476+00:00,https://projects.propublica.org/nonprofits/api/v2/organizations/256087074.json,200,True,org_json
2026-02-16T15:21:35.120079+00:00,https://projects.propublica.org/nonprofits/api/v2/organizations/250425760.json,200,True,org_json
2026-02-16T15:21:35.509044+00:00,https://projects.propublica.org/nonprofits/api/v2/organizations/236242734.json,200,True,org_json
2026-02-16T15:21:35.764924+00:00,https://projects.propublica.org/nonprofits/api/v2/organizations/231680874.json,200,True,org_json
2026-02-16T15:21:35.999364+00:00,https://projects.propublica.org/nonprofits/api/v2/organizations/232174863.json,200,True,org_json
2026-02-16T15:21:36.405014+00:00,https://projects.propublica.org/nonprofits/api/v2/organizations/232290323.json,200,True,org_json
2026-02-16T15:21:36.645377+00:00,https://projects.propublica.org/nonprofits/api/v2/organizations/250966629.json,200,True,org_json
2026-02-16T15:21:37.027180+00:00,https://projects.propublica.org/nonprofits/api/v2/organizations/232889102.json,200,True,org_json
2026-02-16T15:21:37.263791+00:00,https://projects.propublica.org/nonprofits/api/v2/organizations/463958358.json,200,True,org_json
2026-02-16T15:21:37.503690+00:00,https://projects.propublica.org/nonprofits/api/v2/organizations/43731829.json,200,True,org_json
2026-02-16T15:21:37.741261+00:00,https://projects.propublica.org/nonprofits/api/v2/organizations/251215087.json,200,True,org_json
2026-02-16T15:21:38.099747+00:00,https://projects.propublica.org/nonprofits/api/v2/organizations/261699000.json,200,True,org_json
2026-02-16T15:21:38.359271+00:00,https://projects.propublica.org/nonprofits/api/v2/organizations/232175923.json,200,True,org_json
2026-02-16T15:21:38.585627+00:00,https://projects.propublica.org/nonprofits/api/v2/organizations/231381404.json,200,True,org_json
2026-02-16T15:21:39.093901+00:00,https://projects.propublica.org/nonprofits/api/v2/organizations/232480701.json,200,True,org_json
2026-02-16T15:21:39.340693+00:00,https://projects.propublica.org/nonprofits/api/v2/organizations/201241919.json,200,True,org_json
2026-02-16T15:21:39.586444+00:00,https://projects.propublica.org/nonprofits/api/v2/organizations/232998638.json,200,True,org_json
2026-02-16T15:21:40.005257+00:00,https://projects.propublica.org/nonprofits/api/v2/organizations/232657933.json,200,True,org_json
2026-02-16T15:21:40.238345+00:00,https://projects.propublica.org/nonprofits/api/v2/organizations/251711330.json,200,True,org_json
2026-02-16T15:21:40.502854+00:00,https://projects.propublica.org/nonprofits/api/v2/organizations/251445713.json,200,True,org_json
2026-02-16T15:21:40.749908+00:00,https://projects.propublica.org/nonprofits/api/v2/organizations/232747707.json,200,True,org_json
2026-02-16T15:21:41.054435+00:00,https://projects.propublica.org/nonprofits/api/v2/organizations/232303287.json,200,True,org_json
2026-02-16T15:21:41.607624+00:00,https://projects.propublica.org/nonprofits/api/v2/organizations/20585594.json,200,True,org_json
2026-02-16T15:21:41.856195+00:00,https://projects.propublica.org/nonprofits/api/v2/organizations/231390625.json,200,True,org_json
2026-02-16T15:21:42.088214+00:00,https://projects.propublica.org/nonprofits/api/v2/organizations/231556045.json,200,True,org_json
2026-02-16T15:21:42.349099+00:00,https://projects.propublica.org/nonprofits/api/v2/organizations/863800365.json,200,True,org_json
2026-02-16T15:21:42.599158+00:00,https://projects.propublica.org/nonprofits/api/v2/organizations/452107493.json,200,True,org_json
2026-02-16T15:21:43.034106+00:00,https://projects.propublica.org/nonprofits/api/v2/organizations/231352623.json,200,True,org_json
2026-02-16T15:21:43.304150+00:00,https://projects.propublica.org/nonprofits/api/v2/organizations/461621797.json,200,True,org_json
2026-02-16T15:21:43.725497+00:00,https://projects.propublica.org/nonprofits/api/v2/organizations/232862231.json,200,True,org_json
2026-02-16T15:21:43.968897+00:00,https://projects.propublica.org/nonprofits/api/v2/organizations/231352619.json,200,True,org_json
2026-02-16T15:21:44.432111+00:00,https://projects.propublica.org/nonprofits/api/v2/organizations/231671562.json,200,True,org_json
2026-02-16T15:21:44.842201+00:00,https://projects.propublica.org/nonprofits/api/v2/organizations/232298505.json,200,True,org_json
2026-02-16T15:21:45.079710+00:00,https://projects.propublica.org/nonprofits/api/v2/organizations/251153028.json,200,True,org_json
2026-02-16T15:21:45.328002+00:00,https://projects.propublica.org/nonprofits/api/v2/organizations/232188052.json,200,True,org_json
2026-02-16T15:21:45.579550+00:00,https://projects.propublica.org/nonprofits/api/v2/organizations/236050758.json,200,True,org_json
2026-02-16T15:21:45.815453+00:00,https://projects.propublica.org/nonprofits/api/v2/organizations/262437942.json,200,True,org_json
2026-02-16T15:21:46.291379+00:00,https://projects.propublica.org/nonprofits/api/v2/organizations/30483260.json,200,True,org_json
2026-02-16T15:21:46.530675+00:00,https://projects.propublica.org/nonprofits/api/v2/organizations/262976184.json,200,True,org_json
2026-02-16T15:21:46.767059+00:00,https://projects.propublica.org/nonprofits/api/v2/organizations/251407396.json,200,True,org_json
2026-02-16T15:21:47.148331+00:00,https://projects.propublica.org/nonprofits/api/v2/organizations/205633397.json,200,True,org_json
2026-02-16T15:21:47.622533+00:00,https://projects.propublica.org/nonprofits/api/v2/organizations/232176723.json,200,True,org_json
2026-02-16T15:21:47.893218+00:00,https://projects.propublica.org/nonprofits/api/v2/organizations/251542218.json,200,True,org_json
2026-02-16T15:21:48.339659+00:00,https://projects.propublica.org/nonprofits/api/v2/organizations/233038855.json,200,True,org_json
2026-02-16T15:21:48.589567+00:00,https://projects.propublica.org/nonprofits/api/v2/organizations/222524368.json,200,True,org_json
2026-02-16T15:21:48.975307+00:00,https://projects.propublica.org/nonprofits/api/v2/organizations/231440116.json,200,True,org_json
2026-02-16T15:21:49.219621+00:00,https://projects.propublica.org/nonprofits/api/v2/organizations/232965591.json,200,True,org_json
2026-02-16T15:21:49.471644+00:00,https://projects.propublica.org/nonprofits/api/v2/organizations/231548106.json,200,True,org_json
2026-02-16T15:21:49.734607+00:00,https://projects.propublica.org/nonprofits/api/v2/organizations/474235863.json,200,True,org_json
2026-02-16T15:21:49.974349+00:00,https://projects.propublica.org/nonprofits/api/v2/organizations/232536730.json,200,True,org_json
2026-02-16T15:21:50.398637+00:00,https://projects.propublica.org/nonprofits/api/v2/organizations/232065617.json,200,True,org_json
2026-02-16T15:21:50.667617+00:00,https://projects.propublica.org/nonprofits/api/v2/organizations/510475788.json,200,True,org_json
2026-02-16T15:21:50.932463+00:00,https://projects.propublica.org/nonprofits/api/v2/organizations/232103781.json,200,True,org_json
2026-02-16T15:21:51.373204+00:00,https://projects.propublica.org/nonprofits/api/v2/organizations/250965329.json,200,True,org_json
2026-02-16T15:21:51.607113+00:00,https://projects.propublica.org/nonprofits/api/v2/organizations/236406222.json,200,True,org_json
2026-02-16T15:21:51.996565+00:00,https://projects.propublica.org/nonprofits/api/v2/organizations/231985315.json,200,True,org_json
2026-02-16T15:21:52.224745+00:00,https://projects.propublica.org/nonprofits/api/v2/organizations/450649498.json,200,True,org_json
2026-02-16T15:21:52.620088+00:00,https://projects.propublica.org/nonprofits/api/v2/organizations/232987492.json,200,True,org_json
2026-02-16T15:21:52.881498+00:00,https://projects.propublica.org/nonprofits/api/v2/organizations/455246479.json,200,True,org_json
2026-02-16T15:21:53.281766+00:00,https://projects.propublica.org/nonprofits/api/v2/organizations/900438744.json,200,True,org_json
2026-02-16T15:21:53.554466+00:00,https://projects.propublica.org/nonprofits/api/v2/organizations/251816609.json,200,True,org_json
2026-02-16T15:21:53.971312+00:00,https://projects.propublica.org/nonprofits/api/v2/organizations/251123896.json,200,True,org_json
2026-02-16T15:21:54.363445+00:00,https://projects.propublica.org/nonprofits/api/v2/organizations/231875249.json,200,True,org_json
2026-02-16T15:21:54.780366+00:00,https://projects.propublica.org/nonprofits/api/v2/organizations/231908158.json,200,True,org_json
2026-02-16T15:21:55.200569+00:00,https://projects.propublica.org/nonprofits/api/v2/organizations/237239334.json,200,True,org_json
2026-02-16T15:21:55.438574+00:00,https://projects.propublica.org/nonprofits/api/v2/organizations/201869371.json,200,True,org_json
2026-02-16T15:21:55.693160+00:00,https://projects.propublica.org/nonprofits/api/v2/organizations/200338690.json,200,True,org_json
2026-02-16T15:21:55.944589+00:00,https://projects.propublica.org/nonprofits/api/v2/organizations/232857929.json,200,True,org_json
2026-02-16T15:21:56.304213+00:00,https://projects.propublica.org/nonprofits/api/v2/organizations/251441920.json,200,True,org_json
2026-02-16T15:21:56.548518+00:00,https://projects.propublica.org/nonprofits/api/v2/organizations/250995765.json,200,True,org_json
2026-02-16T15:21:56.939606+00:00,https://projects.propublica.org/nonprofits/api/v2/organizations/562476876.json,200,True,org_json
2026-02-16T15:21:57.338091+00:00,https://projects.propublica.org/nonprofits/api/v2/organizations/233084321.json,200,True,org_json
2026-02-16T15:21:57.567280+00:00,https://projects.propublica.org/nonprofits/api/v2/organizations/232915026.json,200,True,org_json
2026-02-16T15:21:57.938565+00:00,https://projects.propublica.org/nonprofits/api/v2/organizations/231352026.json,200,True,org_json
2026-02-16T15:21:58.324032+00:00,https://projects.propublica.org/nonprofits/api/v2/organizations/251527666.json,200,True,org_json
2026-02-16T15:21:58.714205+00:00,https://projects.propublica.org/nonprofits/api/v2/organizations/300034707.json,200,True,org_json
2026-02-16T15:21:58.959170+00:00,https://projects.propublica.org/nonprofits/api/v2/organizations/461566557.json,200,True,org_json
2026-02-16T15:21:59.188758+00:00,https://projects.propublica.org/nonprofits/api/v2/organizations/250981135.json,200,True,org_json
2026-02-16T15:21:59.567503+00:00,https://projects.propublica.org/nonprofits/api/v2/organizations/364501549.json,200,True,org_json
2026-02-16T15:21:59.800487+00:00,https://projects.propublica.org/nonprofits/api/v2/organizations/251300356.json,200,True,org_json
2026-02-16T15:22:00.488642+00:00,https://projects.propublica.org/nonprofits/api/v2/organizations/412237951.json,200,True,org_json
2026-02-16T15:22:00.734524+00:00,https://projects.propublica.org/nonprofits/api/v2/organizations/231425035.json,200,True,org_json
2026-02-16T15:22:01.126535+00:00,https://projects.propublica.org/nonprofits/api/v2/organizations/231413304.json,200,True,org_json
2026-02-16T15:22:01.366036+00:00,https://projects.propublica.org/nonprofits/api/v2/organizations/250989246.json,200,True,org_json
2026-02-16T15:22:01.605713+00:00,https://projects.propublica.org/nonprofits/api/v2/organizations/251250510.json,200,True,org_json
2026-02-16T15:22:02.024154+00:00,https://projects.propublica.org/nonprofits/api/v2/organizations/20793541.json,200,True,org_json
2026-02-16T15:22:02.278803+00:00,https://projects.propublica.org/nonprofits/api/v2/organizations/233057353.json,200,True,org_json
2026-02-16T15:22:02.512535+00:00,https://projects.propublica.org/nonprofits/api/v2/organizations/232978457.json,200,True,org_json
2026-02-16T15:22:02.764436+00:00,https://projects.propublica.org/nonprofits/api/v2/organizations/237064174.json,200,True,org_json
2026-02-16T15:22:02.994629+00:00,https://projects.propublica.org/nonprofits/api/v2/organizations/232446355.json,200,True,org_json
2026-02-16T15:22:03.387290+00:00,https://projects.propublica.org/nonprofits/api/v2/organizations/232993155.json,200,True,org_json
2026-02-16T15:22:03.704033+00:00,https://projects.propublica.org/nonprofits/api/v2/organizations/874303823.json,200,True,org_json
2026-02-16T15:22:03.943342+00:00,https://projects.propublica.org/nonprofits/api/v2/organizations/232944553.json,200,True,org_json
2026-02-16T15:22:04.345006+00:00,https://projects.propublica.org/nonprofits/api/v2/organizations/232108508.json,200,True,org_json
2026-02-16T15:22:04.613713+00:00,https://projects.propublica.org/nonprofits/api/v2/organizations/200306745.json,200,True,org_json
2026-02-16T15:22:04.897834+00:00,https://projects.propublica.org/nonprofits/api/v2/organizations/231356232.json,200,True,org_json
2026-02-16T15:22:05.338346+00:00,https://projects.propublica.org/nonprofits/api/v2/organizations/222440273.json,200,True,org_json
2026-02-16T15:22:05.660995+00:00,https://projects.propublica.org/nonprofits/api/v2/organizations/251517533.json,200,True,org_json
2026-02-16T15:22:05.887491+00:00,https://projects.propublica.org/nonprofits/api/v2/organizations/251708215.json,200,True,org_json
2026-02-16T15:22:06.219648+00:00,https://projects.propublica.org/nonprofits/api/v2/organizations/821942476.json,200,True,org_json
2026-02-16T15:22:06.647117+00:00,https://projects.propublica.org/nonprofits/api/v2/organizations/232913784.json,200,True,org_json
2026-02-16T15:22:07.085829+00:00,https://projects.propublica.org/nonprofits/api/v2/organizations/232969074.json,200,True,org_json
2026-02-16T15:22:07.588180+00:00,https://projects.propublica.org/nonprofits/api/v2/organizations/237206884.json,200,True,org_json
2026-02-16T15:22:07.834952+00:00,https://projects.propublica.org/nonprofits/api/v2/organizations/251881141.json,200,True,org_json
2026-02-16T15:22:08.082117+00:00,https://projects.propublica.org/nonprofits/api/v2/organizations/250965621.json,200,True,org_json
2026-02-16T15:22:08.319701+00:00,https://projects.propublica.org/nonprofits/api/v2/organizations/232223120.json,200,True,org_json
2026-02-16T15:22:08.577692+00:00,https://projects.propublica.org/nonprofits/api/v2/organizations/256068246.json,200,True,org_json
2026-02-16T15:22:08.805096+00:00,https://projects.propublica.org/nonprofits/api/v2/organizations/231443766.json,200,True,org_json
2026-02-16T15:22:09.199238+00:00,https://projects.propublica.org/nonprofits/api/v2/organizations/251574736.json,200,True,org_json
2026-02-16T15:22:09.599567+00:00,https://projects.propublica.org/nonprofits/api/v2/organizations/240795439.json,200,True,org_json
2026-02-16T15:22:09.820041+00:00,https://projects.propublica.org/nonprofits/api/v2/organizations/251312968.json,200,True,org_json
2026-02-16T15:22:10.296718+00:00,https://projects.propublica.org/nonprofits/api/v2/organizations/521034193.json,200,True,org_json
2026-02-16T15:22:10.596266+00:00,https://projects.propublica.org/nonprofits/api/v2/organizations/824132057.json,200,True,org_json
2026-02-16T15:22:10.917983+00:00,https://projects.propublica.org/nonprofits/api/v2/organizations/231613647.json,200,True,org_json
2026-02-16T15:22:11.143833+00:00,https://projects.propublica.org/nonprofits/api/v2/organizations/452887132.json,200,True,org_json
2026-02-16T15:22:11.538472+00:00,https://projects.propublica.org/nonprofits/api/v2/organizations/231878446.json,200,True,org_json
2026-02-16T15:22:11.930344+00:00,https://projects.propublica.org/nonprofits/api/v2/organizations/231861343.json,200,True,org_json
2026-02-16T15:22:12.318073+00:00,https://projects.propublica.org/nonprofits/api/v2/organizations/201163755.json,200,True,org_json
2026-02-16T15:22:12.741040+00:00,https://projects.propublica.org/nonprofits/api/v2/organizations/232142644.json,200,True,org_json
2026-02-16T15:22:13.143556+00:00,https://projects.propublica.org/nonprofits/api/v2/organizations/251116612.json,200,True,org_json
2026-02-16T15:22:13.367389+00:00,https://projects.propublica.org/nonprofits/api/v2/organizations/231352336.json,200,True,org_json
2026-02-16T15:22:13.806148+00:00,https://projects.propublica.org/nonprofits/api/v2/organizations/232773822.json,200,True,org_json
2026-02-16T15:22:14.283487+00:00,https://projects.propublica.org/nonprofits/api/v2/organizations/232090256.json,200,True,org_json
2026-02-16T15:22:14.505244+00:00,https://projects.propublica.org/nonprofits/api/v2/organizations/232964772.json,200,True,org_json
2026-02-16T15:22:14.720962+00:00,https://projects.propublica.org/nonprofits/api/v2/organizations/232450112.json,200,True,org_json
2026-02-16T15:22:15.115608+00:00,https://projects.propublica.org/nonprofits/api/v2/organizations/232378625.json,200,True,org_json
2026-02-16T15:22:15.705108+00:00,https://projects.propublica.org/nonprofits/api/v2/organizations/232890364.json,200,True,org_json
2026-02-16T15:22:15.950006+00:00,https://projects.propublica.org/nonprofits/api/v2/organizations/251605062.json,200,True,org_json
2026-02-16T15:22:16.181051+00:00,https://projects.propublica.org/nonprofits/api/v2/organizations/387066678.json,200,True,org_json
2026-02-16T15:22:16.606707+00:00,https://projects.propublica.org/nonprofits/api/v2/organizations/232304620.json,200,True,org_json
2026-02-16T15:22:17.078223+00:00,https://projects.propublica.org/nonprofits/api/v2/organizations/232017882.json,200,True,org_json
2026-02-16T15:22:17.306044+00:00,https://projects.propublica.org/nonprofits/api/v2/organizations/232043478.json,200,True,org_json
2026-02-16T15:22:17.534333+00:00,https://projects.propublica.org/nonprofits/api/v2/organizations/202057509.json,200,True,org_json
2026-02-16T15:22:17.928735+00:00,https://projects.propublica.org/nonprofits/api/v2/organizations/232171417.json,200,True,org_json
2026-02-16T15:22:18.307447+00:00,https://projects.propublica.org/nonprofits/api/v2/organizations/251643651.json,200,True,org_json
2026-02-16T15:22:18.563145+00:00,https://projects.propublica.org/nonprofits/api/v2/organizations/251475192.json,200,True,org_json
2026-02-16T15:22:19.036233+00:00,https://projects.propublica.org/nonprofits/api/v2/organizations/232564741.json,200,True,org_json
2026-02-16T15:22:19.493232+00:00,https://projects.propublica.org/nonprofits/api/v2/organizations/240786657.json,200,True,org_json
2026-02-16T15:22:19.883091+00:00,https://projects.propublica.org/nonprofits/api/v2/organizations/812911777.json,200,True,org_json
2026-02-16T15:22:20.288658+00:00,https://projects.propublica.org/nonprofits/api/v2/organizations/250987225.json,200,True,org_json
2026-02-16T15:22:20.738918+00:00,https://projects.propublica.org/nonprofits/api/v2/organizations/251259406.json,200,True,org_json
2026-02-16T15:22:21.263083+00:00,https://projects.propublica.org/nonprofits/api/v2/organizations/232020123.json,200,True,org_json
2026-02-16T15:22:21.667956+00:00,https://projects.propublica.org/nonprofits/api/v2/organizations/161457001.json,200,True,org_json
2026-02-16T15:22:22.048215+00:00,https://projects.propublica.org/nonprofits/api/v2/organizations/272662850.json,200,True,org_json
2026-02-16T15:22:22.505033+00:00,https://projects.propublica.org/nonprofits/api/v2/organizations/231955577.json,200,True,org_json
2026-02-16T15:22:22.837870+00:00,https://projects.propublica.org/nonprofits/api/v2/organizations/231381450.json,200,True,org_json
2026-02-16T15:22:23.361261+00:00,https://projects.propublica.org/nonprofits/api/v2/organizations/251576259.json,200,True,org_json
2026-02-16T15:22:23.692880+00:00,https://projects.propublica.org/nonprofits/api/v2/organizations/231352676.json,200,True,org_json
2026-02-16T15:22:23.972314+00:00,https://projects.propublica.org/nonprofits/api/v2/organizations/861069555.json,200,True,org_json
2026-02-16T15:22:24.198178+00:00,https://projects.propublica.org/nonprofits/api/v2/organizations/233073983.json,200,True,org_json
2026-02-16T15:22:24.621496+00:00,https://projects.propublica.org/nonprofits/api/v2/organizations/800619248.json,200,True,org_json
2026-02-16T15:22:24.934313+00:00,https://projects.propublica.org/nonprofits/api/v2/organizations/232961661.json,200,True,org_json
2026-02-16T15:22:25.191322+00:00,https://projects.propublica.org/nonprofits/api/v2/organizations/232224212.json,200,True,org_json
2026-02-16T15:22:25.458791+00:00,https://projects.propublica.org/nonprofits/api/v2/organizations/43703131.json,200,True,org_json
2026-02-16T15:22:25.847231+00:00,https://projects.propublica.org/nonprofits/api/v2/organizations/251203882.json,200,True,org_json
2026-02-16T15:22:26.271504+00:00,https://projects.propublica.org/nonprofits/api/v2/organizations/231715152.json,200,True,org_json
2026-02-16T15:22:26.736086+00:00,https://projects.propublica.org/nonprofits/api/v2/organizations/251051749.json,200,True,org_json
2026-02-16T15:22:27.029040+00:00,https://projects.propublica.org/nonprofits/api/v2/organizations/200027153.json,200,True,org_json
2026-02-16T15:22:27.438579+00:00,https://projects.propublica.org/nonprofits/api/v2/organizations/231365176.json,200,True,org_json
2026-02-16T15:22:27.748951+00:00,https://projects.propublica.org/nonprofits/api/v2/organizations/231352269.json,200,True,org_json
2026-02-16T15:22:28.080116+00:00,https://projects.propublica.org/nonprofits/api/v2/organizations/231936980.json,200,True,org_json
2026-02-16T15:22:28.329971+00:00,https://projects.propublica.org/nonprofits/api/v2/organizations/250965407.json,200,True,org_json
2026-02-16T15:22:28.795651+00:00,https://projects.propublica.org/nonprofits/api/v2/organizations/231352013.json,200,True,org_json
2026-02-16T15:22:29.031191+00:00,https://projects.propublica.org/nonprofits/api/v2/organizations/201804098.json,200,True,org_json
2026-02-16T15:22:29.413686+00:00,https://projects.propublica.org/nonprofits/api/v2/organizations/10560081.json,200,True,org_json
2026-02-16T15:22:29.920497+00:00,https://projects.propublica.org/nonprofits/api/v2/organizations/455441135.json,200,True,org_json
2026-02-16T15:22:30.391488+00:00,https://projects.propublica.org/nonprofits/api/v2/organizations/232463002.json,200,True,org_json
2026-02-16T15:22:30.757880+00:00,https://projects.propublica.org/nonprofits/api/v2/organizations/363885342.json,200,True,org_json
2026-02-16T15:22:30.993058+00:00,https://projects.propublica.org/nonprofits/api/v2/organizations/237354899.json,200,True,org_json
2026-02-16T15:22:31.297085+00:00,https://projects.propublica.org/nonprofits/api/v2/organizations/113708851.json,200,True,org_json
2026-02-16T15:22:31.521428+00:00,https://projects.propublica.org/nonprofits/api/v2/organizations/231352227.json,200,True,org_json
2026-02-16T15:22:31.810235+00:00,https://projects.propublica.org/nonprofits/api/v2/organizations/412073220.json,200,True,org_json
2026-02-16T15:22:32.274713+00:00,https://projects.propublica.org/nonprofits/api/v2/organizations/251413040.json,200,True,org_json
2026-02-16T15:22:32.682271+00:00,https://projects.propublica.org/nonprofits/api/v2/organizations/250974310.json,200,True,org_json
2026-02-16T15:22:33.163319+00:00,https://projects.propublica.org/nonprofits/api/v2/organizations/232552707.json,200,True,org_json
2026-02-16T15:22:33.541606+00:00,https://projects.propublica.org/nonprofits/api/v2/organizations/232046093.json,200,True,org_json
2026-02-16T15:22:33.890184+00:00,https://projects.propublica.org/nonprofits/api/v2/organizations/232147087.json,200,True,org_json
2026-02-16T15:22:34.120345+00:00,https://projects.propublica.org/nonprofits/api/v2/organizations/237101191.json,200,True,org_json
2026-02-16T15:22:34.436610+00:00,https://projects.propublica.org/nonprofits/api/v2/organizations/421580163.json,200,True,org_json
2026-02-16T15:22:34.660673+00:00,https://projects.propublica.org/nonprofits/api/v2/organizations/743097929.json,200,True,org_json
2026-02-16T15:22:34.952144+00:00,https://projects.propublica.org/nonprofits/api/v2/organizations/233043254.json,200,True,org_json
2026-02-16T15:22:35.172128+00:00,https://projects.propublica.org/nonprofits/api/v2/organizations/251757306.json,200,True,org_json
2026-02-16T15:22:35.482630+00:00,https://projects.propublica.org/nonprofits/api/v2/organizations/471833006.json,200,True,org_json
2026-02-16T15:22:35.723279+00:00,https://projects.propublica.org/nonprofits/api/v2/organizations/232996040.json,200,True,org_json
2026-02-16T15:22:36.141741+00:00,https://projects.propublica.org/nonprofits/api/v2/organizations/232876470.json,200,True,org_json
2026-02-16T15:22:36.492940+00:00,https://projects.propublica.org/nonprofits/api/v2/organizations/233102612.json,200,True,org_json
2026-02-16T15:22:36.718636+00:00,https://projects.propublica.org/nonprofits/api/v2/organizations/460902111.json,200,True,org_json
2026-02-16T15:22:37.080915+00:00,https://projects.propublica.org/nonprofits/api/v2/organizations/251155958.json,200,True,org_json
2026-02-16T15:22:37.318494+00:00,https://projects.propublica.org/nonprofits/api/v2/organizations/656323823.json,200,True,org_json
2026-02-16T15:22:37.546804+00:00,https://projects.propublica.org/nonprofits/api/v2/organizations/251072143.json,200,True,org_json
2026-02-16T15:22:37.936256+00:00,https://projects.propublica.org/nonprofits/api/v2/organizations/231543518.json,200,True,org_json
2026-02-16T15:22:38.365775+00:00,https://projects.propublica.org/nonprofits/api/v2/organizations/240829843.json,200,True,org_json
2026-02-16T15:22:38.757769+00:00,https://projects.propublica.org/nonprofits/api/v2/organizations/251495484.json,200,True,org_json
2026-02-16T15:22:39.217139+00:00,https://projects.propublica.org/nonprofits/api/v2/organizations/231970067.json,200,True,org_json
2026-02-16T15:22:39.609521+00:00,https://projects.propublica.org/nonprofits/api/v2/organizations/475280523.json,200,True,org_json
2026-02-16T15:22:40.156710+00:00,https://projects.propublica.org/nonprofits/api/v2/organizations/50581916.json,200,True,org_json
2026-02-16T15:22:40.383992+00:00,https://projects.propublica.org/nonprofits/api/v2/organizations/853072500.json,200,True,org_json
2026-02-16T15:22:40.613860+00:00,https://projects.propublica.org/nonprofits/api/v2/organizations/231381030.json,200,True,org_json
2026-02-16T15:22:40.839292+00:00,https://projects.propublica.org/nonprofits/api/v2/organizations/843175341.json,200,True,org_json
2026-02-16T15:22:41.056081+00:00,https://projects.propublica.org/nonprofits/api/v2/organizations/232920364.json,200,True,org_json
2026-02-16T15:22:41.441609+00:00,https://projects.propublica.org/nonprofits/api/v2/organizations/251633753.json,200,True,org_json
2026-02-16T15:22:41.661027+00:00,https://projects.propublica.org/nonprofits/api/v2/organizations/250965292.json,200,True,org_json
2026-02-16T15:22:41.879049+00:00,https://projects.propublica.org/nonprofits/api/v2/organizations/272575502.json,200,True,org_json
2026-02-16T15:22:42.104005+00:00,https://projects.propublica.org/nonprofits/api/v2/organizations/251383079.json,200,True,org_json
2026-02-16T15:22:42.341110+00:00,https://projects.propublica.org/nonprofits/api/v2/organizations/342021326.json,200,True,org_json
2026-02-16T15:22:42.719701+00:00,https://projects.propublica.org/nonprofits/api/v2/organizations/232038753.json,200,True,org_json
2026-02-16T15:22:43.108712+00:00,https://projects.propublica.org/nonprofits/api/v2/organizations/233054174.json,200,True,org_json
2026-02-16T15:22:43.474125+00:00,https://projects.propublica.org/nonprofits/api/v2/organizations/231352509.json,200,True,org_json
2026-02-16T15:22:43.705901+00:00,https://projects.propublica.org/nonprofits/api/v2/organizations/205682977.json,200,True,org_json
2026-02-16T15:22:44.067927+00:00,https://projects.propublica.org/nonprofits/api/v2/organizations/251818793.json,200,True,org_json
2026-02-16T15:22:44.464461+00:00,https://projects.propublica.org/nonprofits/api/v2/organizations/251355400.json,200,True,org_json
2026-02-16T15:22:44.690815+00:00,https://projects.propublica.org/nonprofits/api/v2/organizations/251492291.json,200,True,org_json
2026-02-16T15:22:45.161751+00:00,https://projects.propublica.org/nonprofits/api/v2/organizations/222842252.json,200,True,org_json
2026-02-16T15:22:45.530485+00:00,https://projects.propublica.org/nonprofits/api/v2/organizations/263838512.json,200,True,org_json
2026-02-16T15:22:45.757899+00:00,https://projects.propublica.org/nonprofits/api/v2/organizations/251727199.json,200,True,org_json
2026-02-16T15:22:45.998932+00:00,https://projects.propublica.org/nonprofits/api/v2/organizations/240798701.json,200,True,org_json
2026-02-16T15:22:46.372027+00:00,https://projects.propublica.org/nonprofits/api/v2/organizations/231496016.json,200,True,org_json
2026-02-16T15:22:46.750680+00:00,https://projects.propublica.org/nonprofits/api/v2/organizations/61645496.json,200,True,org_json
2026-02-16T15:22:46.989185+00:00,https://projects.propublica.org/nonprofits/api/v2/organizations/371901892.json,200,True,org_json
2026-02-16T15:22:47.542504+00:00,https://projects.propublica.org/nonprofits/api/v2/organizations/251215527.json,200,True,org_json
2026-02-16T15:22:47.776064+00:00,https://projects.propublica.org/nonprofits/api/v2/organizations/251217875.json,200,True,org_json
2026-02-16T15:22:48.013479+00:00,https://projects.propublica.org/nonprofits/api/v2/organizations/800367200.json,200,True,org_json
2026-02-16T15:22:48.437370+00:00,https://projects.propublica.org/nonprofits/api/v2/organizations/233078729.json,200,True,org_json
2026-02-16T15:22:48.844768+00:00,https://projects.propublica.org/nonprofits/api/v2/organizations/251045485.json,200,True,org_json
2026-02-16T15:22:49.084651+00:00,https://projects.propublica.org/nonprofits/api/v2/organizations/853385058.json,200,True,org_json
2026-02-16T15:22:49.467909+00:00,https://projects.propublica.org/nonprofits/api/v2/organizations/251326213.json,200,True,org_json
2026-02-16T15:22:49.854993+00:00,https://projects.propublica.org/nonprofits/api/v2/organizations/251840964.json,200,True,org_json
2026-02-16T15:22:50.082520+00:00,https://projects.propublica.org/nonprofits/api/v2/organizations/262133132.json,200,True,org_json
2026-02-16T15:22:50.319099+00:00,https://projects.propublica.org/nonprofits/api/v2/organizations/300634510.json,200,True,org_json
2026-02-16T15:22:50.740929+00:00,https://projects.propublica.org/nonprofits/api/v2/organizations/251196948.json,200,True,org_json
2026-02-16T15:22:51.114787+00:00,https://projects.propublica.org/nonprofits/api/v2/organizations/231729031.json,200,True,org_json
2026-02-16T15:22:51.540731+00:00,https://projects.propublica.org/nonprofits/api/v2/organizations/222691718.json,200,True,org_json
2026-02-16T15:22:51.929989+00:00,https://projects.propublica.org/nonprofits/api/v2/organizations/204861234.json,200,True,org_json
2026-02-16T15:22:52.168914+00:00,https://projects.propublica.org/nonprofits/api/v2/organizations/263075204.json,200,True,org_json
2026-02-16T15:22:52.444218+00:00,https://projects.propublica.org/nonprofits/api/v2/organizations/251146769.json,200,True,org_json
2026-02-16T15:22:52.691224+00:00,https://projects.propublica.org/nonprofits/api/v2/organizations/231379523.json,200,True,org_json
2026-02-16T15:22:52.938076+00:00,https://projects.propublica.org/nonprofits/api/v2/organizations/240795422.json,200,True,org_json
2026-02-16T15:22:53.170224+00:00,https://projects.propublica.org/nonprofits/api/v2/organizations/231367719.json,200,True,org_json
2026-02-16T15:22:53.547845+00:00,https://projects.propublica.org/nonprofits/api/v2/organizations/474364095.json,200,True,org_json
2026-02-16T15:22:53.928413+00:00,https://projects.propublica.org/nonprofits/api/v2/organizations/232732296.json,200,True,org_json
2026-02-16T15:22:54.171851+00:00,https://projects.propublica.org/nonprofits/api/v2/organizations/232145152.json,200,True,org_json
2026-02-16T15:22:54.399672+00:00,https://projects.propublica.org/nonprofits/api/v2/organizations/236299868.json,200,True,org_json
2026-02-16T15:22:54.934235+00:00,https://projects.propublica.org/nonprofits/api/v2/organizations/231639036.json,200,True,org_json
2026-02-16T15:22:55.297455+00:00,https://projects.propublica.org/nonprofits/api/v2/organizations/251766971.json,200,True,org_json
2026-02-16T15:22:55.550898+00:00,https://projects.propublica.org/nonprofits/api/v2/organizations/240798681.json,200,True,org_json
2026-02-16T15:22:55.785270+00:00,https://projects.propublica.org/nonprofits/api/v2/organizations/387076393.json,200,True,org_json
2026-02-16T15:22:56.163763+00:00,https://projects.propublica.org/nonprofits/api/v2/organizations/232467038.json,200,True,org_json
2026-02-16T15:22:56.564336+00:00,https://projects.propublica.org/nonprofits/api/v2/organizations/251712316.json,200,True,org_json
2026-02-16T15:22:56.947037+00:00,https://projects.propublica.org/nonprofits/api/v2/organizations/263598470.json,200,True,org_json
2026-02-16T15:22:57.321631+00:00,https://projects.propublica.org/nonprofits/api/v2/organizations/231653135.json,200,True,org_json
2026-02-16T15:22:57.596103+00:00,https://projects.propublica.org/nonprofits/api/v2/organizations/231894907.json,200,True,org_json
2026-02-16T15:22:57.937159+00:00,https://projects.propublica.org/nonprofits/api/v2/organizations/272294198.json,200,True,org_json
2026-02-16T15:22:58.355820+00:00,https://projects.propublica.org/nonprofits/api/v2/organizations/237088491.json,200,True,org_json
2026-02-16T15:22:58.620227+00:00,https://projects.propublica.org/nonprofits/api/v2/organizations/233017873.json,200,True,org_json
2026-02-16T15:22:58.983571+00:00,https://projects.propublica.org/nonprofits/api/v2/organizations/231365966.json,200,True,org_json
2026-02-16T15:22:59.350024+00:00,https://projects.propublica.org/nonprofits/api/v2/organizations/232628605.json,200,True,org_json
2026-02-16T15:22:59.583210+00:00,https://projects.propublica.org/nonprofits/api/v2/organizations/233060261.json,200,True,org_json
2026-02-16T15:22:59.971261+00:00,https://projects.propublica.org/nonprofits/api/v2/organizations/542082673.json,200,True,org_json
2026-02-16T15:23:00.192693+00:00,https://projects.propublica.org/nonprofits/api/v2/organizations/232088476.json,200,True,org_json
2026-02-16T15:23:00.419919+00:00,https://projects.propublica.org/nonprofits/api/v2/organizations/232764079.json,200,True,org_json
2026-02-16T15:23:00.744871+00:00,https://projects.propublica.org/nonprofits/api/v2/organizations/872705862.json,200,True,org_json
2026-02-16T15:23:00.995565+00:00,https://projects.propublica.org/nonprofits/api/v2/organizations/251464211.json,200,True,org_json
2026-02-16T15:23:01.416998+00:00,https://projects.propublica.org/nonprofits/api/v2/organizations/232814503.json,200,True,org_json
